Workbook

Sheet Quarterly History
B2: <Ticker / Company> — 平面拆分
B3: 空白版型；只填官方來源。比重分母為公司總營收；QoQ／YoY需同版本同口徑。
B5: 分類／指標 | C5: <Period 1> | D5: <Period 2> | E5: <Period 3> | F5: <Period 4> | G5: <Period 5> | H5: <Period 6>
B6: 公司總營收（官方揭露） | C6: =IF(ISNUMBER(Sources!$O$7),Sources!$O$7,"") | D6: =IF(ISNUMBER(Sources!$O$8),Sources!$O$8,"") | E6: =IF(ISNUMBER(Sources!$O$9),Sources!$O$9,"") | F6: =IF(ISNUMBER(Sources!$O$10),Sources!$O$10,"") | G6: =IF(ISNUMBER(Sources!$O$11),Sources!$O$11,"") | H6: =IF(ISNUMBER(Sources!$O$12),Sources!$O$12,"")
B8: 最新分類 — <Dimension / version>
B9: <Category> | C9: =IF(ISNUMBER(Sources!$O$13),Sources!$O$13,"") | D9: =IF(ISNUMBER(Sources!$O$14),Sources!$O$14,"") | E9: =IF(ISNUMBER(Sources!$O$15),Sources!$O$15,"") | F9: =IF(ISNUMBER(Sources!$O$16),Sources!$O$16,"") | G9: =IF(ISNUMBER(Sources!$O$17),Sources!$O$17,"") | H9: =IF(ISNUMBER(Sources!$O$18),Sources!$O$18,"")
B10: 占公司總營收 | C10: =IF(COUNT(C9,C$6)=2,IF(C$6>0,C9/C$6,""),"") | D10: =IF(COUNT(D9,D$6)=2,IF(D$6>0,D9/D$6,""),"") | E10: =IF(COUNT(E9,E$6)=2,IF(E$6>0,E9/E$6,""),"") | F10: =IF(COUNT(F9,F$6)=2,IF(F$6>0,F9/F$6,""),"") | G10: =IF(COUNT(G9,G$6)=2,IF(G$6>0,G9/G$6,""),"") | H10: =IF(COUNT(H9,H$6)=2,IF(H$6>0,H9/H$6,""),"")
B11: QoQ
B12: YoY
B25: Inactive Segments — <Dimension / old version>

Sheet Annual History
B2: <Ticker / Company> — 平面拆分
B3: 空白版型；只填官方來源。比重分母為公司總營收；QoQ／YoY需同版本同口徑。
B5: 分類／指標 | C5: <Period 1> | D5: <Period 2> | E5: <Period 3> | F5: <Period 4> | G5: <Period 5> | H5: <Period 6>
B6: 公司總營收（官方揭露） | C6: =IF(ISNUMBER(Sources!$O$7),Sources!$O$7,"") | D6: =IF(ISNUMBER(Sources!$O$8),Sources!$O$8,"") | E6: =IF(ISNUMBER(Sources!$O$9),Sources!$O$9,"") | F6: =IF(ISNUMBER(Sources!$O$10),Sources!$O$10,"") | G6: =IF(ISNUMBER(Sources!$O$11),Sources!$O$11,"") | H6: =IF(ISNUMBER(Sources!$O$12),Sources!$O$12,"")
B8: 最新分類 — <Dimension / version>
B9: <Category> | C9: =IF(ISNUMBER(Sources!$O$13),Sources!$O$13,"") | D9: =IF(ISNUMBER(Sources!$O$14),Sources!$O$14,"") | E9: =IF(ISNUMBER(Sources!$O$15),Sources!$O$15,"") | F9: =IF(ISNUMBER(Sources!$O$16),Sources!$O$16,"") | G9: =IF(ISNUMBER(Sources!$O$17),Sources!$O$17,"") | H9: =IF(ISNUMBER(Sources!$O$18),Sources!$O$18,"")
B10: 占公司總營收 | C10: =IF(COUNT(C9,C$6)=2,IF(C$6>0,C9/C$6,""),"") | D10: =IF(COUNT(D9,D$6)=2,IF(D$6>0,D9/D$6,""),"") | E10: =IF(COUNT(E9,E$6)=2,IF(E$6>0,E9/E$6,""),"") | F10: =IF(COUNT(F9,F$6)=2,IF(F$6>0,F9/F$6,""),"") | G10: =IF(COUNT(G9,G$6)=2,IF(G$6>0,G9/G$6,""),"") | H10: =IF(COUNT(H9,H$6)=2,IF(H$6>0,H9/H$6,""),"")
B11: YoY
B25: Inactive Segments — <Dimension / old version>

Sheet Coverage
B2: B template | C2: flat / formula-v1
B3: 用途 | C3: 平面拆分
B4: 數字來源 | C4: 空白模板沒有公司數字；使用 builder 填入已核對 records。
B5: 公式示意 | C5: 公式位置只示範來源與比重；真實 period／record／growth 由 planner 產生，不直接填此骨架當完整成果。
B6: 維護 | C6: 同類披露結構可共用；不能把示範分類當公司資料。

Sheet Sources
A1: Source ID | B1: Form | C1: Document type | D1: Filed | E1: SEC official URL | F1: SHA-256
A6: Record ID | B6: Fiscal period | C6: Period start | D6: Period end | E6: Duration | F6: Metric | G6: Original label | H6: Parent | I6: Dimension | J6: Classification version | K6: Presentation | L6: Original value | M6: Original unit | N6: Currency | O6: Normalized value | P6: Normalized unit | Q6: Basis / geography definition | R6: Filed / accession | S6: Source ID | T6: Source locator | U6: Official URL | V6: Method | W6: Input record IDs | X6: Verification | Y6: Original footnote / definition | Z6: Display cell
